Changes made at Thu Nov 20 10:17:14 UTC 2025
Changes made at Thu Nov 20 12:27:18 UTC 2025
Changes made at Thu Nov 20 14:15:29 UTC 2025
Changes made at Thu Nov 20 16:19:36 UTC 2025
Changes made at Fri Nov 21 08:21:36 UTC 2025
Changes made at Fri Nov 21 10:16:16 UTC 2025
Changes made at Fri Nov 21 14:15:01 UTC 2025
Changes made at Fri Nov 21 16:19:13 UTC 2025
Changes made at Sat Nov 22 08:18:37 UTC 2025
Changes made at Sat Nov 22 10:14:30 UTC 2025
Changes made at Sat Nov 22 14:12:35 UTC 2025
Changes made at Sat Nov 22 16:16:48 UTC 2025
Changes made at Sun Nov 23 08:18:40 UTC 2025
